ticker;einstieg_datum;einstieg_zeit;einstiegskurs;ausstieg_datum;ausstieg_zeit;ausstiegskurs;anzahl;gesamtwert;signaltype;performance;notiz
Broadcom;31.10.2025;09:33:35;325,75 €;31.10.2025;09:36:25;318,70 €;2;651,5;;-2%;
Nebius;31.10.2025;09:40:12;110,00 €;03.11.2025;16:26:38;107,00 €;5;550;;-3%;
Nvidia;31.10.2025;11:52:09;179,22 €;31.10.2025;18:04:07;175,54 €;3;537,66;;-2%;
Robinhood;31.10.2025;14:32:48;125,76 €;31.10.2025;18:15:57;125,68 €;4;503,04;;0%;
Applovin;31.10.2025;15:03:41;562,70 €;31.10.2025;15:39:59;550,70 €;1;562,7;;-2%;
Aixtron;03.11.2025;;14,02 €;;;15,17 €;36;504,54;;8%;
Walt Disney;03.11.2025;;97,96 €;06.11.2025;;95,72 €;6;587,76;;-2%;
Robinhood;03.11.2025;;128,82 €;;;125,54 €;4;515,28;;-3%;
Verizon;03.11.2025;;34,57 €;;;33,74 €;15;518,475;;-2%;
Marvell;03.11.2025;;82,67 €;;;82,56 €;7;578,69;;0%;
Fraport;03.11.2025;;75,15 €;06.11.2025;;73,50 €;7;526,05;;-2%;
Tesla;03.11.2025;;394,75 €;04.11.2025;;396,60 €;2;789,5;;0%;
Micron;03.11.2025;;205,65 €;04.11.2025;;196,40 €;3;616,95;;-4%;
Bloom Energy;03.11.2025;;122,56 €;03.11.2025;;123,92 €;5;612,8;;1%;
Palantir;03.11.2025;;179,66 €;04.11.2025;;168,82 €;3;538,98;;-6%;
Zscaler;03.11.2025;;291,40 €;04.11.2025;;283,60 €;2;582,8;;-3%;
Aixtron;04.11.2025;;15,84 €;04.11.2025;;15,51 €;32;506,88;;-2%;
Ferrari;04.11.2025;;348,20 €;04.11.2025;;343,90 €;2;696,4;;-1%;
Eli Lilly;05.11.2025;;788,80 €;04.11.2025;;803,10 €;1;788,8;;2%;
Aixtron;05.11.2025;;16,16 €;05.11.2025;;16,52 €;32;517,12;;2%;
Mckesson;05.11.2025;;734,60 €;05.11.2025;;730,40 €;1;734,6;;-1%;
BMW;05.11.2025;;82,04 €;06.11.2025;;85,48 €;14;1148,56;;4%;
Aixtron;05.11.2025;;16,82 €;05.11.2025;;17,13 €;31;521,42;;2%;
Lemonade;05.11.2025;;65,20 €;05.11.2025;;64,58 €;8;521,6;;-1%;
Accenture;06.11.2025;;215,25 €;06.11.2025;;210,50 €;3;645,75;;-2%;
Toast;06.11.2025;;34,21 €;06.11.2025;;33,46 €;15;513,075;;-2%;
Rheinmetall;06.11.2025;;1.733,50 €;06.11.2025;;1.743,00 €;1;1733,5;;1%;
Marvell;06.11.2025;;87,44 €;06.11.2025;;88,06 €;6;524,64;;1%;
Alphabet;06.11.2025;;246,80 €;06.11.2025;;246,05 €;3;740,4;;0%;
Rheinmetall;06.11.2025;;1.748,00 €;06.11.2025;;1.712,50 €;1;1748;;-2%;
Hecla Mining;06.11.2025;;12,71 €;06.11.2025;;13,03 €;40;508,2;;3%;
Coinbase;07.11.2025;;267,15 €;12.11.2025;;261,65 €;2;534,3;;-2%;
LHYFE;10.11.2025;;3,35 €;10.11.2025;;3,01 €;150;502,5;;-10%;
SK Hynix;10.11.2025;;374,00 €;;;336,00 €;2;748;;-10%;
Micron;10.11.2025;;213,75 €;;;215,20 €;3;641,25;;1%;
IONOS;10.11.2025;;30,00 €;10.11.2025;;29,35 €;17;510;;-2%;
Canadian Solar;10.11.2025;;26,07 €;10.11.2025;;25,68 €;20;521,4;;-1%;
Siemens Energy;10.11.2025;;106,85 €;11.11.2025;;106,35 €;5;534,25;;0%;
Newmont;10.11.2025;;76,31 €;;;75,51 €;7;534,17;;-1%;
Walt Disney;10.11.2025;;96,72 €;13.11.2025;;97,75 €;6;580,32;;1%;
Nordex;11.11.2025;;27,72 €;11.11.2025;;27,60 €;19;526,68;;0%;
Rocket Lab;11.11.2025;;49,40 €;11.11.2025;;48,20 €;11;543,4;;-2%;
Nvidia;11.11.2025;;169,28 €;11.11.2025;;166,04 €;3;507,84;;-2%;
Toast;11.11.2025;;33,10 €;;;32,33 €;16;529,6;;-2%;
Nebius;11.11.2025;;99,50 €;;;96,50 €;6;597;;-3%;
Nebius;11.11.2025;;96,50 €;;;95,50 €;6;579;;-1%;
Stryker;11.11.2025;;314,40 €;;;312,50 €;2;628,8;;-1%;
AMD;12.11.2025;;217,30 €;12.11.2025;;215,50 €;3;651,9;;-1%;
Toast;12.11.2025;;32,80 €;12.11.2025;;32,58 €;16;524,8;;-1%;
BMW;12.11.2025;;88,56 €;12.11.2025;;88,88 €;6;531,36;;0%;
Rheinmetall;12.11.2025;;1.764,00 €;12.11.2025;;1.750,00 €;1;1764;;-1%;
AMD;12.11.2025;;218,45 €;12.11.2025;;219,25 €;3;655,35;;0%;
AMD;12.11.2025;;222,35 €;12.11.2025;;217,70 €;3;667,05;;-2%;
AMD;12.11.2025;;219,60 €;12.11.2025;;224,90 €;3;658,8;;2%;
Draftkings;12.11.2025;;27,35 €;13.11.2025;;26,67 €;19;519,65;;-2%;
AMD;12.11.2025;;223,75 €;13.11.2025;;218,65 €;3;671,25;;-2%;
ASML;12.11.2025;;901,50 €;13.11.2025;;869,60 €;1;901,5;;-4%;
TUI;13.11.2025;;7,83 €;14.11.2025;;7,66 €;65;508,95;;-2%;
Siemens Energy;13.11.2025;;108,60 €;14.11.2025;;109,30 €;5;543;;1%;
Allianz;14.11.2025;;368,80 €;17.11.2025;;367,40 €;2;737,6;;0%;
Tonies;14.11.2025;;8,43 €;14.11.2025;;8,30 €;60;505,8;;-2%;
Chevron;14.11.2025;;135,32 €;;;131,62 €;4;541,28;;-3%;
Siemens Energy;14.11.2025;;108,55 €;;;112,35 €;5;542,75;;4%;
Micron;14.11.2025;;216,60 €;14.11.2025;;213,90 €;3;649,8;;-1%;
Infineon;14.11.2025;;35,54 €;17.11.2025;;34,99 €;15;533,1;;-2%;
Applied Digital;17.11.2025;;21,40 €;17.11.2025;;20,60 €;24;513,6;;-4%;
Saab;17.11.2025;;50,72 €;17.11.2025;;50,58 €;10;507,2;;0%;
Tonies;17.11.2025;;8,72 €;17.11.2025;;8,58 €;58;505,76;;-2%;
Nordex;17.11.2025;;27,50 €;18.11.2025;;26,60 €;19;522,5;;-3%;
Siemens Energy;17.11.2025;;113,05 €;17.11.2025;;112,50 €;5;565,25;;0%;
Alphabet;17.11.2025;;247,85 €;17.11.2025;;249,10 €;3;743,55;;1%;
Micron;17.11.2025;;219,75 €;17.11.2025;;219,85 €;3;659,25;;0%;
Amgen;17.11.2025;;296,45 €;21.11.2025;;290,25 €;2;592,9;;-2%;
Rheinmetall;18.11.2025;;1.774,00 €;;;1.738,50 €;1;1774;;-2%;
Broadcom;19.11.2025;;306,35 €;;;319,50 €;2;612,7;;4%;
Nvidia;19.11.2025;;169,42 €;;;169,44 €;4;677,68;;0%;
Applied Digital;19.11.2025;;21,70 €;20.11.2025;;22,30 €;24;520,8;;3%;
Arista;20.11.2025;;113,40 €;;;110,40 €;5;567;;-3%;
Coreweave;20.11.2025;;71,80 €;;;69,80 €;7;502,6;;-3%;
Nordex;20.11.2025;;27,26 €;;;26,90 €;19;517,94;;-1%;
Siemens Energy;20.11.2025;;115,95 €;;;113,60 €;5;579,75;;-2%;
Marvell;20.11.2025;;73,00 €;;;71,63 €;7;511;;-2%;
Siemens Energy;20.11.2025;;114,15 €;;;111,80 €;5;570,75;;-2%;
Tonies;20.11.2025;;9,02 €;;;9,17 €;56;505,12;;2%;
Tesla;20.11.2025;;366,65 €;;;364,50 €;2;733,3;;-1%;
Bayer;21.11.2025;;27,62 €;24.11.2025;;29,53 €;19;524,78;;7%;
Novartis;21.11.2025;;110,52 €;27.11.2025;17:30:03;111,20 €;5;552,6;;1%;
Fresenius Medical;21.11.2025;;40,32 €;25.11.2025;09:25:06;41,30 €;13;524,16;;2%;
Unitedhealth;21.11.2025;;278,00 €;24.11.2025;;279,10 €;2;556;;0%;
Paypal;21.11.2025;;52,62 €;24.11.2025;;52,09 €;10;526,2;;-1%;
Bristol Meyers;21.11.2025;;40,23 €;21.11.2025;;40,01 €;13;522,99;;-1%;
Alibaba;24.11.2025;;138,80 €;;;;4;555,2;;0%;
Siemens Health;24.11.2025;09:39:41;42,23 €;26.11.2025;20:59:55;42,17 €;12;506,76;;0%;
Nemetschek;24.11.2025;;93,10 €;;;;6;558,6;;0%;
Bayer;24.11.2025;;30,64 €;24.11.2025;;30,31 €;17;520,88;;-1%;
Unitedhealth;24.11.2025;;284,80 €;24.11.2025;;278,65 €;2;569,6;;-2%;
Micron;24.11.2025;16:02:59;192,54 €;24.11.2025;16:19:52;190,42 €;3;577,62;;-1%;
Micron;24.11.2025;16:19:52;191,20 €;25.11.2025;10:20:36;191,86 €;3;573,6;;0%;
Droneshield;25.11.2025;09:18:51;1,28 €;25.11.2025;13:49:00;1,24 €;400;511,2;;-3%;
Broadcom;25.11.2025;09:31:10;332,30 €;25.11.2025;15:25:26;335,60 €;2;664,6;;1%;
Intel;25.11.2025;13:21:35;31,26 €;25.11.2025;15:26:51;30,66 €;17;531,42;;-2%;
Amazon;25.11.2025;13:24:42;196,58 €;26.11.2025;15:38:04;197,66 €;3;589,74;;1%;
Stryker;25.11.2025;16:45:56;324,40 €;01.12.2025;10:00:01;317,70 €;2;648,8;;-2%;
TUI;25.11.2025;16:49:21;7,84 €;26.11.2025;13:08:46;7,84 €;66;517,308;;0%;
Albermale;25.11.2025;18:53:59;107,38 €;26.11.2025;09:06:43;107,82 €;5;536,9;;0%;
Dell;26.11.2025;08:24:25;114,08 €;26.11.2025;11:15:11;112,32 €;5;570,4;;-2%;
Amgen;26.11.2025;10:55:26;294,05 €;01.12.2025;20:56:03;289,85 €;2;588,1;;-1%;
Siemens Energy;26.11.2025;13:02:40;109,40 €;28.11.2025;18:27:10;114,90 €;5;547;;5%;
TUI;26.11.2025;14:00:55;7,88 €;28.11.2025;17:21:10;8,21 €;66;520,344;;4%;
Amphenol;26.11.2025;16:38:33;119,74 €;01.12.2025;15:39:01;118,68 €;5;598,7;;-1%;
Candian Solar;26.11.2025;21:00:42;23,40 €;01.12.2025;11:56:22;26,44 €;22;514,8;;13%;
Aixtron;27.11.2025;15:06:18;17,98 €;01.12.2025;09:00:49;17,51 €;29;521,275;;-3%;
Albermale;28.11.2025;10:26:59;112,26 €;03.12.2025;10:00:35;108,68 €;5;561,3;;-3%;
Siemens Health;28.11.2025;11:16:54;42,85 €;02.12.2025;15:30:45;42,43 €;12;514,2;;-1%;
Bloom Energy;28.11.2025;22:09:59;95,87 €;01.12.2025;07:34:57;91,55 €;6;575,22;;-5%;
Nemetschek;28.11.2025;22:18:05;96,65 €;03.12.2025;15:04:08;94,25 €;6;579,9;;-2%;
Hecla;28.11.2025;15:42:00;16,71 €;;;;35;584,85;;;
Hecla;01.12.2025;10:42:03;15,10 €;01.12.2025;15:31:32;14,55 €;34;513,4;;-4%;
B2Gold;01.12.2025;10:58:32;4,07 €;01.12.2025;15:31:42;3,96 €;124;504,308;;-3%;
Candian Solar;01.12.2025;12:52:31;26,36 €;01.12.2025;15:25:31;25,51 €;20;527,2;;-3%;
Entegris;01.12.2025;15:58:39;66,57 €;02.12.2025;15:31:27;66,23 €;8;532,56;;-1%;
Mercedes;01.12.2025;16:05:34;59,00 €;02.12.2025;16:21:31;59,26 €;9;531;;0%;
Amazon;01.12.2025;16:15:42;201,25 €;02.12.2025;17:30:26;201,65 €;3;603,75;;0%;
Nike;01.12.2025;20:59:08;56,55 €;03.12.2025;15:08:10;55,47 €;9;508,95;;-2%;
Applied Digital;01.12.2025;21:12:49;25,00 €;02.12.2025;16:32:58;25,10 €;20;500;;0%;
Teradyne;01.12.2025;21:16:30;155,12 €;02.12.2025;17:31:10;160,78 €;3;465,36;;4%;
Toast;01.12.2025;21:21:01;29,95 €;02.12.2025;19:06:45;29,20 €;18;539,1;;-3%;
Cadence Design;02.12.2025;15:31:38;270,10 €;;;;2;540,2;;0%;
Bloom Energy;02.12.2025;15:44:19;92,22 €;02.12.2025;21:57:11;90,47 €;5;461,1;;-2%;
Oracle;02.12.2025;16:21:44;178,72 €;02.12.2025;20:31:39;172,80 €;3;536,16;;-3%;
Teradyne;02.12.2025;19:55:49;163,78 €;03.12.2025;15:09:18;162,22 €;4;655,12;;-1%;
Entegris;02.12.2025;20:03:24;68,18 €;03.12.2025;22:24:34;73,70 €;8;545,44;;8%;
Applied Digital;02.12.2025;20:11:37;25,30 €;02.12.2025;21:37:44;24,50 €;20;506;;-3%;
Check Point Software;02.12.2025;21:30:59;162,50 €;02.12.2025;22:39:40;155,05 €;4;650;;-5%;
Alexandria Real;02.12.2025;22:31:59;46,49 €;03.12.2025;14:25:14;44,56 €;11;511,39;;-4%;
Applied Digital;03.12.2025;09:50:31;24,70 €;04.12.2025;15:30:19;24,70 €;21;518,7;;0%;
Uber;03.12.2025;14:48:32;77,02 €;04.12.2025;16:17:52;77,08 €;7;539,14;;0%;
Marvell;03.12.2025;15:12:00;85,26 €;04.12.2025;15:53:26;86,13 €;6;511,56;;1%;
Teradyne;03.12.2025;15:23:06;163,30 €;04.12.2025;;170,76 €;4;653,2;;5%;
Cadence Design;03.12.2025;15:30:15;272,25 €;03.12.2025;15:05:42;270,40 €;2;544,5;;-1%;
Fiserv;03.12.2025;16:26:24;56,86 €;08.12.2025;17:11:46;56,59 €;10;568,6;;0%;
Nike;03.12.2025;17:45:31;56,91 €;;;55,68 €;9;512,19;;-2%;
Salesforce;04.12.2025;10:55:33;209,40 €;05.12.2025;22:20:22;223,45 €;3;628,2;;7%;
Coinbase;04.12.2025;12:57:40;236,80 €;05.12.2025;11:09:09;234,50 €;3;710,4;;-1%;
Toast;04.12.2025;12:59:28;31,08 €;08.12.2025;16:12:09;29,98 €;19;590,52;;-4%;
Robinhood;04.12.2025;15:37:34;115,30 €;05.12.2025;16:37:55;114,52 €;4;461,2;;-1%;
Marvell;04.12.2025;15:54:29;86,24 €;08.12.2025;07:30:13;82,43 €;6;517,44;;-4%;
Applied Digital;04.12.2025;16:18:20;26,10 €;04.12.2025;20:11:17;26,80 €;24;626,4;;3%;
Fiserv;04.12.2025;16:40:20;56,47 €;04.12.2025;16:26:35;55,82 €;9;508,23;;-1%;
Netflix;05.12.2025;14:52:58;85,42 €;08.12.2025;15:09:24;85,75 €;6;512,52;;0%;
Ultra Clean;05.12.2025;15:10:43;22,80 €;05.12.2025;20:37:45;22,40 €;22;501,6;;-2%;
Check Point Software;05.12.2025;15:12:19;169,70 €;08.12.2025;16:24:02;161,95 €;3;509,1;;-5%;
Applied Digital;05.12.2025;15:38:29;27,00 €;09.12.2025;21:37:48;28,20 €;20;540;;4%;
Applied Digital;05.12.2025;16:33:38;26,60 €;09.12.2025;21:37:48;28,20 €;19;505,4;;6%;
Zalando;05.12.2025;20:42:27;23,82 €;08.12.2025;09:49:44;23,58 €;22;524,04;;-1%;
Teradyne;05.12.2025;22:38:06;172,92 €;10.12.2025;13:36:19;170,00 €;3;518,76;;-2%;
Nike;08.12.2025;15:29:08;56,64 €;08.12.2025;18:24:17;54,85 €;9;509,76;;-3%;
Rocket Lab;08.12.2025;15:43:53;43,40 €;10.12.2025;13:48:31;46,40 €;12;520,8;;7%;
Workday;08.12.2025;20:48:17;190,92 €;15.12.2025;16:03:07;186,14 €;3;572,76;;-3%;
Circle Internet;08.12.2025;20:49:15;71,80 €;09.12.2025;22:13:38;76,00 €;7;502,6;;6%;
Siemens Energy;09.12.2025;11:29:08;119,15 €;10.12.2025;10:18:08;122,65 €;5;595,75;;3%;
Salesforce;09.12.2025;16:32:07;224,55 €;15.12.2025;15:44:07;218,85 €;3;673,65;;-3%;
Bloom Energy;09.12.2025;22:34:55;94,51 €;10.12.2025;15:05:50;91,31 €;6;567,06;;-3%;
Siemens Health;09.12.2025;;43,95 €;10.12.2025;10:04:19;42,96 €;12;527,4;;-2%;
Teradyne;10.12.2025;15:40:52;172,64 €;11.12.2025;15:54:42;167,84 €;6;1035,84;;-3%;
Applied Digital;10.12.2025;09:25:47;28,30 €;10.12.2025;15:55:31;26,90 €;18;509,4;;-5%;
Applied Digital;10.12.2025;16:07:21;27,80 €;10.12.2025;18:26:45;26,70 €;36;1000,8;;-4%;
Applied Digital;10.12.2025;19:08:27;27,40 €;10.12.2025;21:05:51;26,60 €;19;520,6;;-3%;
Applied Digital;10.12.2025;20:07:06;27,60 €;15.12.2025;15:33:10;22,70 €;19;524,4;;-18%;
Circle Internet;10.12.2025;21:13:24;76,00 €;15.12.2025;15:38:45;69,20 €;7;532;;-9%;
Mercedes;11.12.2025;10:50:43;60,94 €;11.12.2025;12:13:25;60,05 €;9;548,46;;-1%;
Siemens Health;11.12.2025;11:00:18;43,33 €;15.12.2025;09:01:18;43,77 €;12;519,96;;1%;
Mercedes;11.12.2025;13:23:10;60,98 €;15.12.2025;12:51:39;61,67 €;9;548,82;;1%;
Synopsys;11.12.2025;16:09:02;402,95 €;12.12.2025;17:07:48;392,65 €;2;805,9;;-3%;
Circle Internet;11.12.2025;20:06:34;75,00 €;15.12.2025;15:38:45;69,20 €;7;525;;-8%;
Arista;11.12.2025;22:53:10;114,86 €;12.12.2025;13:18:27;113,06 €;4;459,44;;-2%;
;;;;;;;;0;;#DIV/0!;
Micron;12.12.2025;13:33:19;217,85 €;12.12.2025;16:03:13;209,85 €;2;435,7;;-4%;
Siemens Energy;15.12.2025;07:56:28;120,35 €;17.12.2025;16:57:43;116,95 €;5;601,75;;-3%;
Albermale;15.12.2025;08:22:57;113,90 €;17.12.2025;16:25:21;117,04 €;5;569,5;;3%;
Hecla;15.12.2025;09:01:46;16,61 €;19.12.2025;20:28:30;17,20 €;36;597,96;;4%;
Amkor;15.12.2025;15:19:16;38,42 €;16.12.2025;15:58:12;35,74 €;14;537,88;;-7%;
Synopsys;15.12.2025;15:37:38;399,95 €;17.12.2025;14:45:43;397,45 €;1;399,95;;-1%;
Micron;15.12.2025;15:53:34;208,30 €;17.12.2025;16:51:15;194,06 €;3;624,9;;-7%;
Dexcom;15.12.2025;15:59:10;57,37 €;17.12.2025;18:50:13;56,37 €;9;516,33;;-2%;
AMD;15.12.2025;16:07:32;180,92 €;17.12.2025;14:51:50;178,54 €;3;542,76;;-1%;
Circle Internet;16.12.2025;15:32:10;66,60 €;17.12.2025;16:04:44;72,00 €;8;532,8;;8%;
Lemonade;16.12.2025;16:00:24;69,08 €;17.12.2025;16:00:42;68,76 €;7;483,56;;0%;
Bayer;17.12.2025;15:14:22;35,37 €;18.12.2025;21:57:45;35,28 €;15;530,475;;0%;
Fiserv;17.12.2025;15:14:58;57,93 €;18.12.2025;18:27:34;57,43 €;7;405,51;;-1%;
Ryanair;17.12.2025;16:07:27;29,46 €;18.12.2025;15:58:49;29,40 €;19;559,74;;0%;
Rivian;17.12.2025;16:08:19;15,56 €;18.12.2025;16:24:02;15,78 €;34;529,04;;1%;
Fiserv;17.12.2025;16:50:58;58,94 €;18.12.2025;18:27:34;57,43 €;10;589,4;;-3%;
Accenture;17.12.2025;17:05:39;235,35 €;18.12.2025;13:16:57;230,10 €;3;706,05;;-2%;
Micron;17.12.2025;22:50:05;202,70 €;18.12.2025;15:30:11;217,15 €;3;608,1;;7%;
Coreweave;18.12.2025;14:40:58;57,80 €;18.12.2025;22:54:48;57,60 €;9;520,2;;0%;
Ionq;18.12.2025;15:34:58;41,50 €;18.12.2025;22:53:56;39,20 €;13;539,5;;-6%;
Circle Internet;18.12.2025;15:40:14;70,20 €;18.12.2025;16:38:55;70,60 €;9;631,8;;1%;
Nordex;18.12.2025;19:28:20;28,70 €;29.12.2025;17:15:54;28,84 €;18;516,6;;0%;
Micron;19.12.2025;08:08:00;215,00 €;19.12.2025;20:30:51;227,50 €;3;645;;6%;
Applied Digital;19.12.2025;08:30:51;21,30 €;19.12.2025;20:30:35;23,10 €;24;511,2;;8%;
Robinhood;19.12.2025;08:32:18;102,78 €;23.12.2025;16:11:40;99,66 €;5;513,9;;-3%;
Teradyne;19.12.2025;08:40:10;164,76 €;06.01.2026;22:32:40;191,54 €;4;659,04;;16%;
Nordex;22.12.2025;09:55:52;29,20 €;06.01.2026;22:33:17;31,72 €;18;525,6;;9%;
Nike;29.12.2025;08:07:25;51,67 €;06.01.2026;13:48:24;54,66 €;10;516,7;;6%;
Rocket Lab;29.12.2025;17:24:58;61,50 €;02.01.2026;20:59:08;63,50 €;7;430,5;;3%;
Cardinal Health;02.01.2026;10:06:58;175,35 €;09.01.2026;15:36:26;174,75 €;3;526,05;;0%;
IQVIA;02.01.2026;10:22:51;193,65 €;07.01.2026;22:22:42;208,40 €;3;580,95;;8%;
Unitedhealth;02.01.2026;16:36:32;283,35 €;07.01.2026;17:52:02;289,90 €;2;566,7;;2%;
Amkor;02.01.2026;17:23:16;35,78 €;05.01.2026;16:00:09;39,21 €;14;500,92;;10%;
Alexandria Real;02.01.2026;21:03:36;42,34 €;06.01.2026;22:44:57;44,67 €;12;508,08;;6%;
candian solar;05.01.2026;15:23:32;22,22 €;05.01.2026;15:33:12;21,29 €;26;577,72;;-4%;
canadian solar;05.01.2026;21:02:11;21,39 €;06.01.2026;15:33:21;20,60 €;24;513,36;;-4%;
ciena;05.01.2026;22:17:40;197,65 €;06.01.2026;22:43:13;217,20 €;3;592,95;;10%;
nike;06.01.2026;13:48:24;54,88 €;07.01.2026;16:07:33;54,30 €;10;548,8;;-1%;
amgen;06.01.2026;22:34:08;285,10 €;08.01.2026;08:51:44;290,35 €;2;570,2;;2%;
mckesson;06.01.2026;22:40:09;710,60 €;09.01.2026;08:00:51;697,40 €;1;710,6;;-2%;
bmw;06.01.2026;22:46:55;93,60 €;08.01.2026;10:52:27;91,32 €;6;561,6;;-2%;
fraport;07.01.2026;09:55:39;74,05 €;08.01.2026;09:06:27;74,45 €;7;518,35;;1%;
deutsche börse;07.01.2026;09:58:03;220,30 €;07.01.2026;13:21:28;215,70 €;2;440,6;;-2%;
alphabet;07.01.2026;14:09:54;268,45 €;08.01.2026;16:13:54;278,35 €;1;268,45;;4%;
alphabet;07.01.2026;15:05:41;269,65 €;09.01.2026;15:01:20;282,00 €;0,71;191,4515;;5%;
alphabet;07.01.2026;16:38:32;273,25 €;08.01.2026;16:13:54;278,35 €;1;273,25;;2%;
allianz;07.01.2026;22:25:05;385,50 €;08.01.2026;07:45:33;389,80 €;2;771;;1%;
tui;07.01.2026;22:26:14;9,08 €;08.01.2026;22:40:32;9,31 €;56;508,256;;3%;
teradata;07.01.2026;22:26:49;27,00 €;08.01.2026;22:57:36;26,60 €;7;189;;-1%;
unitedhealth;07.01.2026;08:52:32;292,25 €;09.01.2026;08:43:58;292,75 €;2;584,5;;0%;
the trade desk;08.01.2026;13:03:06;33,06 €;08.01.2026;18:04:44;32,25 €;16;528,96;;-2%;
nike;08.01.2026;16:16:07;54,73 €;14.01.2026;16:45:47;56,38 €;9;492,57;;3%;
nike;08.01.2026;16:16:07;54,73 €;14.01.2026;10:11:48;56,84 €;1;54,73;;;
amkor;08.01.2026;22:55:00;43,96 €;12.01.2026;14:05:11;43,41 €;12;527,52;;-1%;
micron;08.01.2026;22:57:48;280,70 €;14.01.2026;12:07:39;285,75 €;2;561,4;;2%;
Siemens Energy;09.01.2026;08:00:18;124,90 €;09.01.2026;15:22:45;125,65 €;2;249,8;;;
Siemens Energy;09.01.2026;08:00:18;124,90 €;13.01.2026;10:59:06;126,85 €;5;624,5;;2%;
iren;09.01.2026;09:04:29;39,27 €;09.01.2026;12:51:02;40,31 €;13;510,51;;3%;
amgen;09.01.2026;09:07:31;284,60 €;13.01.2026;15:33:15;276,05 €;2;569,2;;-3%;
Fraport;09.01.2026;12:59:23;73,90 €;09.01.2026;14:03:14;73,60 €;7;517,3;;0%;
iren;09.01.2026;14:04:06;40,66 €;12.01.2026;17:40:53;42,93 €;13;528,58;;6%;
microchip;09.01.2026;15:36:55;63,71 €;12.01.2026;12:52:41;63,42 €;8;509,68;;0%;
the trade desk;09.01.2026;18:13:23;32,20 €;13.01.2026;16:27:05;31,14 €;16;515,12;;-3%;
canadian solar;09.01.2026;09:26:59;16,67 €;13.01.2026;19:16:35;19,58 €;30;500,1;;17%;
Unitedhealth;12.01.2026;12:53:39;292,40 €;12.01.2026;15:34:33;286,50 €;2;584,8;;-2%;
amd;12.01.2026;15:32:10;173,28 €;12.01.2026;20:27:35;178,74 €;3;519,84;;3%;
nebius;12.01.2026;15:48:14;86,50 €;14.01.2026;17:37:49;89,50 €;8;692;;3%;
ciena;12.01.2026;20:04:17;197,90 €;14.01.2026;12:01:49;206,80 €;2;395,8;;;
ciena;12.01.2026;20:04:17;197,90 €;14.01.2026;10:11:21;211,70 €;1;197,9;;7%;
Amkor;12.01.2026;20:23:52;44,13 €;13.01.2026;16:10:04;43,18 €;12;529,56;;-2%;
cvs health;12.01.2026;20:27:55;68,32 €;14.01.2026;09:10:43;68,98 €;8;546,56;;1%;
Circle Internet;13.01.2026;11:02:34;71,80 €;13.01.2026;16:09:08;69,00 €;7;502,6;;-4%;
tui;13.01.2026;16:18:26;9,18 €;14.01.2026;15:42:05;9,10 €;56;514,304;;-1%;
aixtron;13.01.2026;16:30:50;19,88 €;14.01.2026;09:53:36;19,55 €;26;516,88;;-2%;
canadian solar;13.01.2026;16:32:41;19,28 €;13.01.2026;16:41:12;19,26 €;27;520,425;;0%;
Amkor;13.01.2026;17:06:45;44,50 €;14.01.2026;16:48:22;42,21 €;12;534;;-5%;
jd.com;13.01.2026;21:02:18;12,87 €;16.01.2026;07:31:56;12,55 €;35;450,38;;-2%;
jd.com;13.01.2026;21:02:18;12,87 €;14.01.2026;12:57:56;12,70 €;1;12,868;;;
jd.com;13.01.2026;21:02:18;12,87 €;14.01.2026;10:12:15;12,69 €;4;51,472;;;
amgen;13.01.2026;21:08:02;267,70 €;20.01.2026;15:32:24;275,65 €;2;535,4;;3%;
Qualcomm;14.01.2026;09:13:09;142,22 €;16.01.2026;20:06:42;137,84 €;3;426,66;;-3%;
Novo-Nordisk;14.01.2026;09:13:34;51,04 €;;;;8;408,32;;0%;
bmw;14.01.2026;10:14:42;89,66 €;16.01.2026;15:27:12;89,14 €;5;448,3;;-1%;
canadian solar;14.01.2026;10:14:58;19,21 €;14.01.2026;22:23:36;17,79 €;21;403,305;;-7%;
micron;14.01.2026;12:54:50;287,75 €;16.01.2026;15:59:24;308,25 €;2;575,5;;7%;
ciena;14.01.2026;12:58:12;211,30 €;;;200,20 €;2;422,6;;-5%;
canadian solar;14.01.2026;15:45:20;18,70 €;20.01.2026;09:40:34;17,79 €;27;504,9;;-5%;
cencora;14.01.2026;17:13:50;299,15 €;20.01.2026;08:04:25;297,25 €;2;598,3;;-1%;
intuitive;14.01.2026;20:36:05;468,45 €;16.01.2026;22:30:41;459,65 €;1;468,45;;-2%;
Amkor;14.01.2026;22:24:31;41,97 €;16.01.2026;16:31:09;40,35 €;12;503,64;;-4%;
Novo-Nordisk;15.01.2026;10:20:27;49,46 €;;;;8;395,68;;0%;
Applied Digital;15.01.2026;10:44:23;31,70 €;16.01.2026;15:30:23;30,00 €;16;507,2;;-5%;
riot;16.01.2026;10:05:52;14,55 €;16.01.2026;15:31:16;14,99 €;34;494,632;;3%;
riot;16.01.2026;15:33:52;15,42 €;16.01.2026;16:24:35;15,98 €;34;524,348;;4%;
Applied Digital;16.01.2026;15:48:05;30,90 €;16.01.2026;20:15:52;31,50 €;17;525,3;;2%;
Amkor;16.01.2026;16:41:34;40,71 €;20.01.2026;21:43:45;41,81 €;13;529,23;;3%;
zalando;16.01.2026;17:24:07;25,68 €;19.01.2026;07:34:31;25,36 €;20;513,6;;-1%;
microchip;16.01.2026;19:53:10;64,86 €;19.01.2026;17:20:39;62,20 €;8;518,88;;-4%;
Alibaba;16.01.2026;20:22:31;143,00 €;27.01.2026;21:44:27;144,00 €;4;572;;1%;
allgeier;16.01.2026;20:22:56;22,90 €;19.01.2026;07:34:14;22,20 €;22;503,8;;-3%;
cleanspark;16.01.2026;20:23:54;11,55 €;19.01.2026;08:06:29;10,97 €;29;334,95;;-5%;
block;16.01.2026;22:31:23;57,04 €;20.01.2026;15:33:20;54,05 €;8;456,32;;-5%;
Hecla;20.01.2026;10:40:18;24,05 €;20.01.2026;15:30:25;23,41 €;21;505,05;;-3%;
l3harris;20.01.2026;11:55:23;293,20 €;27.01.2026;16:12:56;296,90 €;2;586,4;;1%;
riot;20.01.2026;15:30:34;15,55 €;21.01.2026;17:44:00;15,02 €;34;528,768;;-3%;
ciena;20.01.2026;15:36:06;204,90 €;20.01.2026;22:43:28;205,10 €;3;614,7;;0%;
galaxy digital;20.01.2026;15:47:13;28,40 €;21.01.2026;17:42:02;26,80 €;18;511,2;;-6%;
microchip;20.01.2026;15:58:43;62,89 €;21.01.2026;11:16:40;62,60 €;8;503,12;;0%;
canadian solar;20.01.2026;16:18:48;18,09 €;20.01.2026;20:30:58;17,46 €;28;506,38;;-3%;
cleanspark;20.01.2026;16:38:43;10,96 €;20.01.2026;22:43:46;10,85 €;46;504,16;;-1%;
dr horton;20.01.2026;21:11:58;132,90 €;21.01.2026;10:51:52;130,40 €;4;531,6;;-2%;
nebius;21.01.2026;15:24:43;87,00 €;21.01.2026;17:31:04;83,50 €;6;522;;-4%;
iren;21.01.2026;15:26:17;47,94 €;21.01.2026;17:24:29;45,06 €;11;527,285;;-6%;
aeroviroment;21.01.2026;15:27:28;292,50 €;;;271,10 €;2;585;;-7%;
cleanspark;21.01.2026;15:35:18;11,07 €;21.01.2026;17:23:35;10,97 €;46;508,99;;-1%;
cleanspark;21.01.2026;16:44:02;11,34 €;21.01.2026;17:37:33;10,83 €;46;521,41;;-4%;
riot;21.01.2026;16:49:56;15,60 €;21.01.2026;17:18:21;15,44 €;34;530,4;;-1%;
cleanspark;21.01.2026;18:40:52;10,41 €;21.01.2026;21:26:17;10,76 €;49;509,845;;3%;
iren;21.01.2026;20:34:10;45,09 €;22.01.2026;15:58:47;47,12 €;12;541,02;;5%;
riot;21.01.2026;20:36:51;15,01 €;23.01.2026;15:46:51;14,08 €;35;525,21;;-6%;
nebius;21.01.2026;20:39:05;85,00 €;22.01.2026;21:53:34;82,50 €;6;510;;-3%;
cleanspark;21.01.2026;20:39:35;10,81 €;21.01.2026;21:26-17;10,76 €;47;508,07;;0%;
allgeier;21.01.2026;21:24:47;22,80 €;22.01.2026;15:32:51;22,30 €;22;501,6;;-2%;
galaxy digital;21.01.2026;21:45:59;27,80 €;22.01.2026;19:50:50;26,00 €;18;500,4;;-6%;
ciena;22.01.2026;09:37:30;202,70 €;23.01.2026;15:34:35;189,35 €;2;405,4;;-7%;
2g energy;22.01.2026;10:24:14;34,80 €;09.02.2026;21:31:59;37,20 €;15;522;;7%;
candian solar;22.01.2026;15:36:51;18,06 €;23.01.2026;10:56:17;19,06 €;28;505,54;;6%;
micron;22.01.2026;16:34:44;329,85 €;23.01.2026;21:10:00;338,30 €;1;329,85;;3%;
galaxy digital;22.01.2026;21:47:50;26,40 €;23.01.2026;15:46:54;25,20 €;19;501,6;;-5%;
iren;22.01.2026;22:22:39;44,64 €;23.01.2026;15:34:39;43,18 €;12;535,68;;-3%;
candian solar;23.01.2026;13:41:17;19,79 €;23.01.2026;15:28:53;19,52 €;41;811,39;;-1%;
canadian solar;23.01.2026;15:42:32;19,78 €;23.01.2026;16:47:31;19,55 €;26;514,15;;-1%;
iren;23.01.2026;15:50:49;43,20 €;23.01.2026;17:02:36;46,76 €;12;518,4;;8%;
ciena;23.01.2026;15:55:37;192,80 €;23.01.2026;21:09:42;193,60 €;2;385,6;;0%;
riot;23.01.2026;15:56:48;14,18 €;23.01.2026;17:08:21;14,64 €;36;510,624;;3%;
iren;23.01.2026;16:22:40;45,20 €;23.01.2026;17:02:36;46,76 €;12;542,4;;3%;
riot;23.01.2026;18:58:49;15,25 €;23.01.2026;21:09:17;14,92 €;34;518,636;;-2%;
iren;23.01.2026;18:59:16;48,40 €;23.01.2026;20:56:54;48,72 €;11;532,345;;1%;
galaxy digital;23.01.2026;19:11:05;27,60 €;23.01.2026;21:09:22;27,00 €;20;552;;-2%;
Xometry;26.01.2026;08:00:24;52,58 €;29.01.2026;15:52:58;53,34 €;10;525,8;;1%;
Intel;26.01.2026;08:34:25;37,63 €;16.01.2026;15:38:40;36,49 €;19;714,97;;-3%;
Newmont;26.01.2026;08:51:44;108,46 €;26.01.2026;20:13:04;107,02 €;5;542,3;;-1%;
Marvell;26.01.2026;09:08:09;67,69 €;29.01.2026;15:27:40;68,56 €;8;541,52;;1%;
Riot;26.01.2026;15:28:40;14,50 €;26.01.2026;15:49:57;13,88 €;28;405,944;;-4%;
ciena;26.01.2026;15:43:28;201,00 €;29.01.2026;15:34:29;211,40 €;3;603;;5%;
AST Spacemobile;26.01.2026;20:11:13;90,50 €;27.01.2026;16:00:56;86,50 €;5;452,5;;-4%;
iren;27.01.2026;07:50:02;45,38 €;27.01.2026;21:42:23;49,41 €;12;544,56;;9%;
Intel;27.01.2026;16:03:05;36,60 €;27.01.2026;20:55:19;36,58 €;12;439,14;;0%;
riot;27.01.2026;16:13:23;14,01 €;28.01.2026;20:59:50;14,56 €;43;602,516;;4%;
AST Spacemobile;27.01.2026;20:57:15;91,50 €;28.01.2026;20:30:26;99,75 €;4;366;;9%;
cleanspark;28.01.2026;15:36:35;11,36 €;28.01.2026;20:31:49;11,13 €;45;511,2;;-2%;
AST Spacemobile;28.01.2026;16:27:43;97,50 €;28.01.2026;20:30:26;99,75 €;6;585;;2%;
tonies;28.01.2026;20:38:47;10,36 €;29.01.2026;15:35:00;10,18 €;50;518;;-2%;
galaxy digital;28.01.2026;22:03:07;26,60 €;29.01.2026;08:40:05;26,00 €;19;505,4;;-2%;
fortinet;28.01.2026;22:16:23;68,82 €;03.02.2026;16:13:42;67,44 €;8;550,56;;-2%;
tui;29.01.2026;08:54:25;8,99 €;02.02.2026;15:45:16;9,17 €;57;512,202;;2%;
bmw;29.01.2026;09:15:20;88,30 €;30.01.2026;11:35:44;87,32 €;6;529,8;;-1%;
cencora;29.01.2026;15:39:32;302,00 €;04.02.2026;13:25:35;289,00 €;2;604;;-4%;
thermo fisher;29.01.2026;15:41:35;491,70 €;02.02.2026;11:26:06;483,70 €;1;491,7;;-2%;
galaxy digital;29.01.2026;15:43:25;26,20 €;29.01.2026;15:58:38;25,40 €;20;524;;-3%;
tonies;29.01.2026;15:56:44;10,22 €;29.01.2026;17:36:18;10,04 €;50;511;;-2%;
tonies;30.01.2026;07:42:20;10,14 €;04.02.2026;16:55:25;10,62 €;50;507;;5%;
sap;30.01.2026;09:16:51;170,22 €;30.01.2026;11:18:35;169,36 €;6;1021,32;;-1%;
sap;30.01.2026;11:18:35;168,76 €;30.01.2026;12:41:57;170,46 €;6;1012,56;;1%;
iren;30.01.2026;16:40:37;47,61 €;30.01.2026;16:59:52;46,84 €;11;523,655;;-2%;
riot;30.01.2026;16:48:47;13,59 €;30.01.2026;16:59:47;13,35 €;38;516,42;;-2%;
abbvie;30.01.2026;07:39:36;187,60 €;04.02.2026;13:59:01;186,00 €;3;562,8;;-1%;
secunet;30.01.2026;10:11:20;238,50 €;03.02.2026;11:00:46;228,50 €;2;477;;-4%;
sap;02.02.2026;10:14:39;171,68 €;03.02.2026;09:06:40;164,54 €;3;515,04;;-4%;
Applied Digital;02.02.2026;12:49:28;28,10 €;02.02.2026;14:09:10;28,10 €;19;533,9;;0%;
Hecla;02.02.2026;14:23:12;19,15 €;02.02.2026;15:30:29;19,08 €;28;536,06;;0%;
oracle;02.02.2026;15:36:05;142,38 €;02.02.2026;16:23:22;143,08 €;3;427,14;;0%;
iren;02.02.2026;15:47:50;43,26 €;02.02.2026;16:27:35;43,05 €;15;648,9;;0%;
applovin;02.02.2026;16:25:46;416,40 €;02.02.2026;22:04:11;408,85 €;1;416,4;;-2%;
albemarle;02.02.2026;16:39:48;141,50 €;02.02.2026;18:45:04;139,64 €;4;566;;-1%;
applovin;02.02.2026;20:59:22;413,35 €;02.02.2026;22:04:11;408,85 €;1;413,35;;-1%;
AST Spacemobile;03.02.2026;07:52:13;91,50 €;03.02.2026;18:17:09;95,50 €;6;549;;4%;
european lithium;03.02.2026;10:30:10;0,15 €;03.02.2026;15:10:45;0,15 €;700;102,2;;-1%;
european lithium;03.02.2026;10:30:41;0,15 €;03.02.2026;15:10:45;0,15 €;2600;379,6;;-1%;
paypal;03.02.2026;13:22:46;37,99 €;03.02.2026;16:38:27;36,07 €;12;455,88;;-5%;
palantir;03.02.2026;15:53:09;132,26 €;03.02.2026;17:00:41;130,18 €;3;396,78;;-2%;
lemonade;03.02.2026;16:14:13;68,98 €;04.02.2026;15:52:53;64,24 €;8;551,84;;-7%;
dr horton;03.02.2026;20:29:48;129,64 €;12.02.2026;21:16:25;138,98 €;4;518,56;;7%;
micron;04.02.2026;08:16:36;358,30 €;04.02.2026;14:49:33;350,25 €;1;358,3;;-2%;
tui;04.02.2026;08:18:29;9,08 €;06.02.2026;09:21:00;9,17 €;64;580,992;;1%;
bmw;04.02.2026;09:08:12;89,06 €;05.02.2026;08:32:43;90,84 €;5;445,3;;2%;
abbvie;04.02.2026;15:34:33;177,00 €;18.02.2026;15:54:41;193,48 €;3;531;;9%;
canadian solar;04.02.2026;15:43:32;17,95 €;04.02.2026;15:52:28;17,57 €;28;502,46;;-2%;
lemonade;04.02.2026;16:09:42;64,54 €;04.02.2026;16:36:01;62,98 €;8;516,32;;-2%;
canadian solar;04.02.2026;16:14:58;17,92 €;04.02.2026;16:33:39;17,42 €;28;501,62;;-3%;
2g energy;04.02.2026;19:42:44;35,20 €;05.02.2026;13:24:26;34,35 €;15;528;;-2%;
pacific bioscience;04.02.2026;21:02:01;1,69 €;05.02.2026;15:21:12;1,61 €;302;511,588;;-5%;
AST Spacemobile;04.02.2026;21:05:47;90,00 €;04.02.2026;21:37:09;87,50 €;6;540;;-3%;
iridium;04.02.2026;21:08:43;16,69 €;05.02.2026;15:41:56;15,92 €;25;417,125;;-5%;
AST Spacemobile;04.02.2026;22:39:15;89,50 €;05.02.2026;10:06:46;85,50 €;6;537;;-4%;
secunet;05.02.2026;08:33:27;213,00 €;05.02.2026;10:11:04;205,00 €;2;426;;-4%;
amd;05.02.2026;15:42:39;171,14 €;05.02.2026;15:56:37;168,96 €;3;513,42;;-1%;
stoneco;05.02.2026;20:17:29;13,92 €;06.02.2026;15:48:35;13,54 €;37;515,04;;-3%;
bmw;05.02.2026;20:20:49;88,92 €;06.02.2026;09:33:50;87,30 €;6;533,52;;-2%;
sartorius;06.02.2026;08:50:28;240,60 €;09.02.2026;16:11:56;232,50 €;2;481,2;;-3%;
iridium;06.02.2026;08:56:34;16,35 €;06.02.2026;15:47:00;16,22 €;19;310,555;;-1%;
amazon;06.02.2026;09:21:39;171,42 €;06.02.2026;21:57:50;177,88 €;3;514,26;;4%;
Applied Digital;06.02.2026;12:12:51;25,10 €;06.02.2026;16:48:36;28,10 €;22;552,2;;12%;
AST Spacemobile;06.02.2026;13:19:32;82,50 €;06.02.2026;15:34:09;79,50 €;6;495;;-4%;
iren;06.02.2026;15:45:06;32,02 €;06.02.2026;16:47:50;35,36 €;16;512,32;;10%;
iren;06.02.2026;16:06:56;33,23 €;06.02.2026;16:47:50;35,36 €;24;797,4;;6%;
Rocket Lab;09.02.2026;07:46:28;63,00 €;09.02.2026;11:17:42;60,50 €;8;504;;-4%;
commerzbank;09.02.2026;09:11:21;34,90 €;09.02.2026;21:28:23;35,43 €;15;523,5;;2%;
ionos;09.02.2026;09:13:36;26,15 €;09.02.2026;17:42:40;25,50 €;20;523;;-2%;
bayer;09.02.2026;10:28:57;46,07 €;09.02.2026;11:27:38;45,56 €;22;1013,54;;-1%;
bayer;09.02.2026;11:39:27;45,79 €;09.02.2026;21:29:07;46,23 €;22;1007,27;;1%;
iren;09.02.2026;16:16:39;37,11 €;09.02.2026;16:27:30;36,44 €;25;927,75;;-2%;
iren;09.02.2026;16:44:20;36,94 €;09.02.2026;19:21:14;37,67 €;25;923,375;;2%;
iren;09.02.2026;19:34:55;38,13 €;09.02.2026;21:09:53;39,24 €;14;533,75;;3%;
Applied Digital;09.02.2026;19:35:13;31,90 €;09.02.2026;21:30:10;31,90 €;29;925,1;;0%;
sartorius;10.02.2026;09:35:31;186,40 €;10.02.2026;21:33:41;187,40 €;3;559,2;;1%;
sartorius;10.02.2026;09:35:31;186,40 €;11.02.2026;09:14:21;182,00 €;3;559,2;;;
allgeier;10.02.2026;09:37:06;19,40 €;10.02.2026;17:57:24;18,95 €;26;504,4;;-2%;
at+t;10.02.2026;15:30:26;22,74 €;11.02.2026;16:15:26;23,82 €;23;522,905;;5%;
microchip;10.02.2026;15:32:29;63,41 €;11.02.2026;22:03:11;67,93 €;8;507,28;;7%;
spotify;10.02.2026;15:40:18;402,95 €;10.02.2026;15:48:52;397,50 €;2;805,9;;-1%;
infineon;10.02.2026;16:15:39;42,76 €;11.02.2026;09:14:42;42,23 €;21;897,855;;-1%;
Cardinal Health;10.02.2026;21:51:46;185,40 €;12.02.2026;20:06:48;181,15 €;3;556,2;;-2%;
merck;10.02.2026;21:52:44;98,90 €;12.02.2026;21:12:26;101,60 €;5;494,5;;3%;
eli lilly;11.02.2026;15:54:30;866,60 €;11.02.2026;21:03:12;854,20 €;1;866,6;;-1%;
walmart;11.02.2026;15:56:36;108,12 €;12.02.2026;21:12:50;113,08 €;5;540,6;;5%;
fraport;11.02.2026;16:20:48;80,75 €;13.02.2026;15:41:46;83,85 €;7;565,25;;4%;
iren;11.02.2026;21:59:50;35,99 €;12.02.2026;15:41:55;35,10 €;14;503,79;;-2%;
lufthansa;12.02.2026;10:23:52;9,04 €;12.02.2026;22:46:21;8,98 €;56;506,464;;-1%;
Applied Digital;12.02.2026;10:24:11;31,30 €;12.02.2026;15:39:48;30,20 €;14;438,2;;-4%;
iren;12.02.2026;15:41:55;35,59 €;12.02.2026;17:10:56;34,54 €;15;533,775;;-3%;
Applied Digital;12.02.2026;15:42:28;31,30 €;12.02.2026;17:12:03;29,80 €;12;375,6;;-5%;
ge aerospace;12.02.2026;17:31:55;267,50 €;12.02.2026;18:28:03;266,00 €;2;535;;-1%;
Applied Digital;12.02.2026;18:28:29;30,70 €;12.02.2026;19:51:07;29,70 €;12;368,4;;-3%;
iren;12.02.2026;18:28:55;34,54 €;12.02.2026;19:51:12;33,95 €;14;483,56;;-2%;
Applied Digital;12.02.2026;19:55:41;30,20 €;;;;12;362,4;;0%;
alibaba;12.02.2026;21:54:11;16,74 €;;;;31;519,002;;0%;
allianz;12.02.2026;22:56:13;368,70 €;20.02.2026;21:01:05;378,70 €;2;737,4;;3%;
2g energy;13.02.2026;08:28:26;36,60 €;19.02.2026;09:10:03;37,90 €;14;512,4;;4%;
rivian;13.02.2026;15:41:48;14,36 €;17.02.2026;17:31:47;13,94 €;36;516,96;;-3%;
tonies;16.02.2026;09:13:01;11,08 €;17.02.2026;14:17:18;10,78 €;46;509,68;;-3%;
ferrari;16.02.2026;14:20:43;322,10 €;16.02.2026;17:20:49;317,00 €;2;644,2;;-2%;
alibaba;16.02.2026;15:02:10;16,60 €;;;;31;514,724;;0%;
united airlines;17.02.2026;16:37:29;94,93 €;18.02.2026;15:30:16;93,12 €;6;569,58;;-2%;
apple;17.02.2026;16:37:47;219,90 €;18.02.2026;21:57:38;224,90 €;3;659,7;;2%;
vertiv;17.02.2026;16:57:05;203,00 €;20.02.2026;16:10:41;203,40 €;2;406;;0%;
microchip;17.02.2026;17:35:54;66,75 €;20.02.2026;22:30:29;65,83 €;9;600,75;;-1%;
amkor;18.02.2026;15:33:30;41,38 €;18.02.2026;19:50:47;39,71 €;14;579,32;;-4%;
canadian solar;18.02.2026;16:04:38;16,54 €;;;;35;578,9;;0%;
st gobain;19.02.2026;08:23:09;87,86 €;20.02.2026;20:42:08;90,04 €;6;527,16;;2%;
fortinet;19.02.2026;08:38:40;69,04 €;20.02.2026;21:27:25;67,54 €;10;690,4;;-2%;
exxon;20.02.2026;21:36:15;125,24 €;24.02.2026;15:44:45;125,76 €;4;500,96;;0%;
fraport;23.02.2026;09:05:55;83,60 €;23.02.2026;21:54:15;84,20 €;10;836;;1%;
lufthansa;23.02.2026;09:13:26;9,18 €;26.02.2026;20:51:50;9,36 €;80;734,08;;2%;
nextera;23.02.2026;15:33:54;79,31 €;23.02.2026;21:54:07;79,65 €;7;555,17;;0%;
abbvie;23.02.2026;15:34:25;194,18 €;24.02.2026;15:42:40;194,00 €;3;582,54;;0%;
walmart;23.02.2026;15:36:52;104,88 €;24.02.2026;16:01:46;107,56 €;5;524,4;;3%;
akamai;23.02.2026;16:00:58;81,63 €;24.02.2026;15:52:09;86,19 €;7;571,41;;6%;
arista;24.02.2026;08:16:39;109,94 €;24.02.2026;15:32:12;107,10 €;5;549,7;;-3%;
bmw;24.02.2026;08:36:32;88,14 €;27.07.2026;22:01:19;89,00 €;6;528,84;;1%;
digitalocean;24.02.2026;10:59:07;51,10 €;24.02.2026;13:08:42;54,27 €;11;562,1;;6%;
amd;24.02.2026;15:32:36;180,52 €;26.02.2026;14:12:19;175,94 €;3;541,56;;-3%;
microchip;24.02.2026;15:36:11;66,47 €;;;;9;598,23;;0%;
fastly;24.02.2026;15:48:27;14,72 €;25.02.2026;15:39:50;15,14 €;35;515,2;;3%;
mitek;24.02.2026;15:49:54;10,84 €;25.02.2026;15:48:49;10,82 €;56;607,04;;0%;
united airlines;24.02.2026;15:58:55;92,44 €;24.02.2026;22:02:51;95,31 €;6;554,64;;3%;
topbuild;24.02.2026;16:20:23;433,85 €;25.02.2026;15:55:30;410,25 €;1;433,85;;-5%;
nokia;24.02.2026;21:41:57;6,38 €;26.02.2026;09:49:53;6,32 €;80;510,4;;-1%;
coterra;25.02.2026;15:37:00;25,84 €;26.02.2026;13:32:50;25,10 €;27;697,545;;-3%;
microchip;25.02.2026;15:45:43;64,96 €;26.02.2026;15:43:46;63,64 €;8;519,68;;-2%;
eqt;25.02.2026;15:54:28;49,95 €;27.02.2026;17:14:16;51,71 €;11;549,45;;4%;
st gobain;25.02.2026;15:56:57;88,60 €;26.02.2026;09:00:32;87,24 €;6;531,6;;-2%;
beiersdorfer;26.02.2026;14:45:54;106,70 €;27.02.2026;22:01:12;107,05 €;5;533,5;;0%;
nike;26.02.2026;15:52:37;55,07 €;27.02.2026;11:12:59;53,80 €;10;550,7;;-2%;
dr horton;26.02.2026;15:53:35;134,22 €;27.02.2026;22:01:07;135,50 €;4;536,88;;1%;
molina;26.02.2026;15:55:29;126,38 €;26.02.2026;16:30:01;122,54 €;4;505,52;;-3%;
coterra;26.02.2026;16:13:46;25,43 €;27.02.2026;15:32:00;25,76 €;20;508,5;;1%;
akamai;26.02.2026;16:53:21;85,52 €;26.02.2026;18:42:46;83,72 €;7;598,64;;-2%;
merck;27.02.2026;15:13:57;100,98 €;02.03.2026;07:50:22;104,42 €;5;504,9;;3%;
nextera;27.02.2026;15:26:37;77,16 €;02.03.2026;15:17:18;79,94 €;7;540,12;;4%;
digitalocean;27.02.2026;16:47:13;46,59 €;02.03.2026;07:50:10;46,00 €;11;512,435;;-1%;
deere;27.02.2026;16:56:19;529,00 €;03.03.2026;15:57:22;530,20 €;1;529;;0%;
amd;27.02.2026;19:49:43;167,50 €;02.03.2026;07:32:13;164,80 €;3;502,5;;-2%;
amd;02.03.2026;12:34:48;166,24 €;02.03.2026;15:30:20;163,04 €;4;664,96;;-2%;
amd;02.03.2026;15:32:45;165,96 €;03.03.2026;11:01:04;163,44 €;4;663,84;;-2%;
nvidia;02.03.2026;15:34:00;152,64 €;03.03.2026;07:44:37;153,56 €;5;763,2;;1%;
iren;02.03.2026;15:36:23;34,04 €;02.03.2026;18:10:46;35,34 €;15;510,6;;4%;
generac;02.03.2026;15:36:39;190,22 €;03.03.2026;15:38:06;188,98 €;3;570,66;;-1%;
harley davidson;02.03.2026;15:51:27;14,89 €;03.03.2026;22:58:24;15,85 €;34;506,396;;6%;
acm;02.03.2026;16:48:22;48,31 €;03.03.2026;14:53:12;47,00 €;11;531,355;;-3%;
deutsche bank;03.03.2026;10:06:13;28,09 €;03.03.2026;11:32:58;27,60 €;19;533,71;;-2%;
commerzbank;03.03.2026;10:06:43;32,12 €;03.03.2026;11:36:27;31,52 €;16;513,92;;-2%;
deutsche bank;03.03.2026;13:39:58;27,87 €;03.03.2026;16:26:28;27,35 €;19;529,53;;-2%;
continental;03.03.2026;13:40:27;67,66 €;03.03.2026;16:28:51;66,28 €;8;541,28;;-2%;
te connectivity;03.03.2026;20:25:31;176,98 €;05.03.2026;17:01:13;185,98 €;3;530,94;;5%;
deutsche bank;03.03.2026;20:37:36;28,53 €;04.03.2026;09:00:27;27,88 €;18;513,45;;-2%;
macy's;03.03.2026;20:49:02;15,82 €;04.03.2026;22:10:43;16,44 €;32;506,176;;4%;
tkms;03.03.2026;21:00:32;93,00 €;04.03.2026;09:00:15;91,10 €;6;558;;-2%;
hecla;04.03.2026;09:09:49;19,17 €;04.03.2026;19:12:34;18,56 €;27;517,59;;-3%;
evonik;04.03.2026;09:11:16;13,68 €;05.03.2026;11:19:07;14,21 €;37;506,16;;4%;
infineon;04.03.2026;09:12:22;42,40 €;04.03.2026;15:22:54;43,67 €;12;508,74;;3%;
tkms;04.03.2026;09:17:38;92,60 €;04.03.2026;15:22:43;96,15 €;6;555,6;;4%;
schneider;04.03.2026;11:33:50;258,85 €;05.03.2026;09:32:43;257,40 €;2;517,7;;-1%;
siemens;04.03.2026;12:30:16;232,85 €;04.03.2026;15:23:04;232,40 €;4;931,4;;0%;
micron;04.03.2026;15:43:03;334,50 €;04.03.2026;21:05:19;345,05 €;2;669;;3%;
stoneco;04.03.2026;15:44:07;12,59 €;04.03.2026;21:55:11;12,28 €;40;503,4;;-2%;
analog devices;04.03.2026;16:36:29;293,70 €;05.03.2026;17:36:49;287,75 €;2;587,4;;-2%;
Brenntag;05.03.2026;09:17:56;47,34 €;05.03.2026;17:35:19;46,12 €;11;520,74;;-3%;
Petroleo;05.03.2026;09:19:05;7,23 €;06.03.2026;22:25:05;7,48 €;70;506,17;;3%;
Procter;05.03.2026;09:29:42;136,16 €;05.03.2026;15:35:16;134,24 €;6;816,96;;-1%;
Symrise;05.03.2026;09:54:53;71,30 €;06.03.2026;09:15:25;72,54 €;8;570,4;;2%;
Vonovia;05.03.2026;11:31:33;26,37 €;09.03.2026;08:02:58;25,08 €;20;527,4;;-5%;
Petroleo;05.03.2026;16:04:39;7,23 €;06.03.2026;22:25:05;7,48 €;70;506,31;;3%;
Pepsi;05.03.2026;20:03:08;139,56 €;09.03.2026;20:31:33;139,24 €;4;558,24;;0%;
alibaba;05.03.2026;22:08:10;14,07 €;09.03.2026;15:20:50;13,92 €;36;506,448;;-1%;
st gobain;06.03.2026;09:51:22;76,60 €;06.03.2026;10:35:47;75,56 €;10;766;;-1%;
st gobain;06.03.2026;11:34:20;75,58 €;06.03.2026;12:55:46;74,56 €;10;755,8;;-1%;
b2gold;06.03.2026;16:01:01;4,42 €;06.03.2026;22:30:37;4,54 €;170;751,23;;3%;
cencora;06.03.2026;16:05:47;307,85 €;09.03.2026;22:34:48;310,40 €;2;615,7;;1%;
procter;09.03.2026;09:56:15;132,40 €;10.03.2026;09:08:09;132,62 €;4;529,6;;0%;
bmw;09.03.2026;10:52:58;78,54 €;10.03.2026;17:15:11;80,50 €;7;549,78;;2%;
viatris;09.03.2026;14:59:03;12,01 €;10.03.2026;17:14:44;12,35 €;43;516,344;;3%;
rockwell;09.03.2026;15:58:42;316,95 €;10.03.2026;09:18:27;327,60 €;2;633,9;;3%;
st gobain;09.03.2026;16:07:36;73,46 €;10.03.2026;09:26:27;75,18 €;7;514,22;;2%;
deere;09.03.2026;16:11:36;506,30 €;10.03.2026;17:16:31;514,50 €;1;506,3;;2%;
entegris;09.03.2026;20:31:47;100,40 €;10.03.2026;18:04:18;102,84 €;5;502;;2%;
Vonovia;09.03.2026;22:37:34;25,34 €;11.03.2026;09:17:35;25,32 €;20;506,8;;0%;
henkel;10.03.2026;09:43:46;68,80 €;10.03.2026;16:52:26;67,50 €;8;550,4;;-2%;
ups;10.03.2026;12:47:24;86,36 €;11.03.2026;17:02:47;86,54 €;6;518,16;;0%;
topbuild;10.03.2026;13:35:59;334,40 €;10.03.2026;14:46:38;327,00 €;2;668,8;;-2%;
eqt;11.03.2026;15:08:42;53,58 €;11.03.2026;20:50:30;55,04 €;10;535,8;;3%;
workday;11.03.2026;15:11:32;123,28 €;11.03.2026;15:48:08;120,94 €;5;616,4;;-2%;
nerdwallet;11.03.2026;15:52:01;9,35 €;11.03.2026;16:13:46;9,10 €;55;514,25;;-3%;
elbit;11.03.2026;15:58:41;761,00 €;12.03.2026;16:06:28;747,00 €;1;761;;-2%;
palantir;11.03.2026;16:01:40;131,50 €;13.03.2026;16:03:48;130,28 €;4;526;;-1%;
shutterstock;11.03.2026;16:06:28;14,02 €;13.03.2026;16:09:05;13,97 €;36;504,72;;0%;
nerdwallet;11.03.2026;17:35:52;9,25 €;11.03.2026;21:00:40;9,15 €;55;508,75;;-1%;
roper;11.03.2026;20:45:27;304,35 €;12.03.2026;21:32:59;300,05 €;2;608,7;;-1%;
sartorius;12.03.2026;11:37:15;176,20 €;12.03.2026;15:19:02;171,60 €;3;528,6;;-3%;
applovin;12.03.2026;11:42:36;403,25 €;12.03.2026;14:31:03;395,05 €;2;806,5;;-2%;
cvs health;12.03.2026;13:55:38;66,50 €;13.03.2026;22:21:45;66,52 €;8;532;;0%;
applovin;12.03.2026;15:54:50;403,85 €;12.03.2026;18:28:39;396,40 €;2;807,7;;-2%;
workday;12.03.2026;16:05:04;121,60 €;12.03.2026;17:12:23;118,44 €;5;608;;-3%;
factset;12.03.2026;17:21:09;179,32 €;12.03.2026;20:48:32;175,88 €;3;537,96;;-2%;
netflix;12.03.2026;21:44:21;81,91 €;17.03.2026;19:47:04;81,61 €;7;573,37;;0%;
spotify;12.03.2026;22:03:31;444,15 €;16.03.2026;15:34:35;454,50 €;1;444,15;;2%;
ge aerospace;13.03.2026;12:59:48;269,50 €;17.03.2026;15:05:35;260,85 €;2;539;;-3%;
applovin;13.03.2026;16:01:48;395,75 €;16.03.2026;15:30:40;392,15 €;2;791,5;;-1%;
amd;13.03.2026;16:10:13;171,00 €;13.03.2026;20:21:22;168,36 €;4;684;;-2%;
siemens energy;16.03.2026;13:36:56;147,95 €;16.03.2026;15:23:30;149,85 €;8;1183,6;;1%;
rivian;16.03.2026;15:39:47;13,26 €;17.03.2026;15:19:38;13,64 €;39;517,14;;3%;
amd;16.03.2026;15:46:54;172,02 €;19.03.2026;10:30:00;171,94 €;3;516,06;;0%;
thermo fisher;16.03.2026;15:52:38;412,00 €;17.03.2026;20:45:22;409,50 €;1;412;;-1%;
workday;16.03.2026;16:05:24;118,04 €;18.03.2026;15:09:00;114,56 €;5;590,2;;-3%;
entegris;16.03.2026;16:17:58;96,81 €;17.03.2026;15:16:29;99,53 €;6;580,86;;3%;
b2gold;16.03.2026;19:52:34;4,24 €;18.03.2026;13:16:00;4,11 €;120;508,32;;-3%;
viatris;17.03.2026;16:14:03;12,09 €;19.03.2026;13:53:00;11,86 €;42;507,612;;-2%;
terex;17.03.2026;20:03:13;51,79 €;18.03.2026;14:36:00;51,00 €;10;517,9;;-2%;
abbvie;17.03.2026;20:04:37;192,38 €;18.03.2026;09:00:56;191,20 €;3;577,14;;-1%;
thermo fisher;17.03.2026;20:45:22;409,50 €;;;;1;409,5;;0%;
sixt;18.03.2026;09:10:00;62,75 €;19.03.2026;09:05:00;61,05 €;8;502;;-3%;
cencora;18.03.2026;00:09:11;292,30 €;18.03.2026;17:07:00;284,80 €;2;584,6;;-3%;
nintendo;18.03.2026;22:45:00;53,42 €;20.03.2026;15:20:00;52,04 €;10;534,2;;-3%;
united internet;19.03.2026;09:14:00;26,54 €;19.03.2026;10:42:00;27,40 €;20;530,8;;3%;
viking;19.03.2026;15:59:00;29,56 €;20.03.2026;19:48:00;28,48 €;18;532,08;;-4%;
b2gold;19.03.2026;16:07:00;3,74 €;19.03.2026;17:52:00;3,63 €;138;515,568;;-3%;
amphenol;19.03.2026;20:09:00;113,42 €;20.03.2026;11:27:54;110,58 €;5;567,1;;-3%;
coeur;20.03.2026;09:38:00;16,27 €;20.03.2026;11:11:00;15,68 €;31;504,215;;-4%;
k+s;23.03.2026;09:06:00;15,04 €;23.03.2026;09:44:00;14,69 €;34;511,36;;-2%;
amgen;23.03.2026;09:18:00;302,10 €;23.03.2026;17:30:00;301,75 €;2;604,2;;0%;
eon;23.03.2026;14:40:00;18,67 €;26.03.2026;09:49:00;18,74 €;27;503,955;;0%;
topbuild;23.03.2026;14:40:00;303,85 €;23.03.2026;17:32:00;300,25 €;2;607,7;;-1%;
schneider;23.03.2026;14:42:00;245,25 €;23.03.2026;17:33:00;243,05 €;3;735,75;;-1%;
mosaic;23.03.2026;14:49:00;20,69 €;24.03.2026;18:03:00;21,47 €;25;517,125;;4%;
coeur;23.03.2026;14:50:00;15,81 €;23.03.2026;16:37:00;15,61 €;32;505,76;;-1%;
palo alto;23.03.2026;16:19:00;142,82 €;24.03.2026;14:27:00;139,86 €;4;571,28;;-2%;
micron;23.03.2026;16:54:00;350,90 €;24.03.2026;13:34:00;344,90 €;2;701,8;;-2%;
l3harris;24.03.2026;16:14:00;299,65 €;27.03.2026;17:58:13;299,35 €;2;599,3;;0%;
unitedhealth;24.03.2026;16:19:00;235,75 €;25.03.2026;12:54:00;236,05 €;3;707,25;;0%;
bristolmyers;24.03.2026;16:21:00;49,55 €;26.03.2026;09:04:49;51,51 €;11;544,995;;4%;
mcdonalds;24.03.2026;16:22:00;267,40 €;27.03.2026;15:45:32;267,00 €;2;534,8;;0%;
micron;24.03.2026;22:32:00;343,75 €;25.03.2026;13:21:00;337,60 €;2;687,5;;-2%;
microsoft;25.03.2026;12:47:00;325,20 €;25.03.2026;16:15:00;319,95 €;2;650,4;;-2%;
palo alto;25.03.2026;12:54:00;136,88 €;25.03.2026;19:07:00;133,82 €;4;547,52;;-2%;
circle internet;25.03.2026;16:15:00;88,80 €;27.03.2026;10:33:43;87,00 €;6;532,8;;-2%;
microsoft;25.03.2026;20:49:00;320,60 €;27.03.2026;13:06:47;315,10 €;2;641,2;;-2%;
accenture;25.03.2026;21:00:00;166,84 €;27.03.2026;09:23:53;169,98 €;3;500,52;;2%;
sap;26.03.2026;16:42:01;146,04 €;27.03.2026;12:56:19;143,46 €;4;584,16;;-2%;
morningstar;26.03.2026;16:46:10;141,08 €;27.03.2026;14:39:56;136,40 €;4;564,32;;-3%;
micron;27.03.2026;09:23:25;312,00 €;27.03.2026;11:49:37;304,75 €;2;624;;-2%;
hecla;27.03.2026;09:24:53;15,28 €;27.03.2026;12:06:41;14,79 €;33;504,174;;-3%;
micron;27.03.2026;13:48:09;308,25 €;27.03.2026;14:32:22;309,65 €;2;616,5;;0%;
micron;27.03.2026;13:48:09;308,25 €;30.03.2026;15:36:58;305,70 €;2;616,5;;-1%;
lumentum;27.03.2026;14:30:55;618,00 €;30.03.2026;15:34:14;617,10 €;1;618;;0%;
ciena;27.03.2026;14:33:26;345,05 €;27.03.2026;18:29:06;343,00 €;2;690,1;;-1%;
amkor;27.03.2026;14:46:24;39,90 €;30.03.2026;15:40:04;38,25 €;13;518,7;;-4%;
hecla;27.03.2026;15:19:18;15,25 €;30.03.2026;15:28:18;15,81 €;33;503,382;;4%;
wingstop;27.03.2026;15:46:47;138,46 €;27.03.2026;20:36:24;134,64 €;4;553,84;;-3%;
RWE;30.03.2026;09:02:08;54,98 €;30.03.2026;12:00:42;55,54 €;13;714,74;;1%;
SAP;30.03.2026;09:02:27;143,68 €;30.03.2026;13:33:18;144,88 €;5;718,4;;1%;
Nebius;30.03.2026;09:26:30;88,00 €;30.03.2026;15:38:15;85,00 €;6;528;;-3%;
Iren;30.03.2026;12:55:07;31,15 €;30.03.2026;15:34:54;30,50 €;17;529,465;;-2%;
Arista;30.03.2026;13:33:41;106,34 €;30.03.2026;17:16:34;103,46 €;5;531,7;;-3%;
Iren;30.03.2026;16:11:23;29,82 €;30.03.2026;16:36:20;28,97 €;17;506,855;;-3%;
Nebius;30.03.2026;16:16:58;84,00 €;30.03.2026;16:26:59;83,00 €;6;504;;-1%;
Microsoft;30.03.2026;16:30:01;316,40 €;30.03.2026;19:33:48;312,95 €;3;949,2;;-1%;
dell;31.03.2026;08:47:30;145,40 €;31.03.2026;16:05:43;137,88 €;4;581,6;;-5%;
broadcom;31.03.2026;09:32:37;258,30 €;31.03.2026;19:58:42;265,65 €;2;516,6;;3%;
hochtief;31.03.2026;09:40:23;373,40 €;31.03.2026;15:23:31;386,20 €;2;746,8;;3%;
rocket lab;31.03.2026;10:04:30;52,00 €;31.03.2026;15:30:12;53,00 €;10;520;;2%;
cloudflare;31.03.2026;10:13:47;173,26 €;01.04.2026;21:17:40;177,60 €;3;519,78;;3%;
siemens energy;31.03.2026;12:37:30;141,30 €;31.03.2026;16:56:18;143,80 €;4;565,2;;2%;
amkor;31.03.2026;12:50:30;36,37 €;31.03.2026;19:58:06;38,43 €;14;509,11;;6%;
coreweave;31.03.2026;15:23:31;61,00 €;31.03.2026;17:02:11;63,20 €;4;244;;4%;
iren;31.03.2026;15:50:09;28,67 €;31.03.2026;16:49:33;27,95 €;18;515,97;;-3%;
entegris;31.03.2026;16:05:08;98,67 €;31.03.2026;20:01:22;100,52 €;6;592,02;;2%;
molina;31.03.2026;17:54:47;116,52 €;01.04.2026;15:30:05;113,02 €;5;582,6;;-3%;
dell;31.03.2026;21:23:24;140,68 €;02.04.2026;22:01:03;150,96 €;4;562,72;;7%;
cisco;31.03.2026;21:25:05;66,82 €;07.04.2026;14:57:55;69,02 €;8;534,56;;3%;
micron;01.04.2026;08:54:48;301,10 €;01.04.2026;11:16:34;294,95 €;2;602,2;;-2%;
micron;01.04.2026;14:08:48;301,50 €;01.04.2026;15:30:40;296,60 €;2;603;;-2%;
constellation energy;01.04.2026;00:15:37;243,55 €;01.04.2026;17:08:23;239,70 €;3;730,65;;-2%;
chevron;02.04.2026;09:32:16;175,06 €;02.04.2026;16:36:39;172,48 €;4;700,24;;-1%;
at&t;02.04.2026;10:29:27;24,60 €;02.04.2026;15:48:20;24,40 €;21;516,6;;-1%;
progressive;02.04.2026;16:16:30;167,86 €;10.04.2026;15:47:10;167,54 €;3;503,58;;0%;
basf;07.04.2026;09:02:49;51,37 €;08.04.2026;09:42:50;51,15 €;15;770,55;;0%;
at&t;07.04.2026;15:41:01;24,54 €;07.04.2026;18:36:16;24,18 €;31;760,585;;-1%;
saab;07.04.2026;22:21:19;57,64 €;08.04.2026;09:19:44;56,33 €;9;518,76;;-2%;
tesla;07.04.2026;22:23:42;299,40 €;08.04.2026;20:34:07;293,95 €;2;598,8;;-2%;
nike;07.04.2026;09:29:12;37,57 €;09.04.2026;15:45:19;36,59 €;14;525,98;;-3%;
procter;08.04.2026;09:51:09;122,66 €;10.04.2026;13:40:06;125,24 €;5;613,3;;2%;
amgen;08.04.2026;09:53:30;297,70 €;09.04.2026;22:52:05;302,70 €;2;595,4;;2%;
bristolmyers;08.04.2026;15:56:58;49,92 €;14.04.2026;15:32:27;48,80 €;18;898,47;;-2%;
pfizer;08.04.2026;21:53:15;23,54 €;10.04.2026;17:24:07;23,00 €;25;588,5;;-2%;
leonardo;09.04.2026;15:37:34;59,00 €;10.04.2026;10:26:01;57,76 €;8;472;;-2%;
nike;09.04.2026;21:09:42;37,57 €;10.04.2026;19:11:00;36,49 €;14;525,91;;-3%;
fastly;09.04.2026;22:52:24;25,21 €;10.04.2026;15:32:29;23,87 €;20;504,2;;-5%;
palantir;10.04.2026;13:27:14;111,66 €;10.04.2026;15:30:15;109,14 €;5;558,3;;-2%;
fastly;10.04.2026;15:49:15;22,86 €;10.04.2026;16:19:40;20,50 €;34;777,24;;-10%;
palantir;13.04.2026;09:08:10;110,48 €;14.04.2026;14:21:42;113,70 €;5;552,4;;3%;
pfizer;13.04.2026;09:17:36;23,10 €;20.04.2026;21:58:42;23,36 €;22;508,09;;1%;
tkms;13.04.2026;09:24:42;84,20 €;17.04.2026;17:06:39;90,00 €;6;505,2;;7%;
at&t;13.04.2026;13:00:49;22,66 €;13.04.2026;17:19:28;22,10 €;23;521,065;;-2%;
akamai;13.04.2026;15:37:39;80,44 €;14.04.2026;16:05:18;76,82 €;7;563,08;;-5%;
digitalocean;13.04.2026;15:54:36;66,77 €;14.04.2026;19:10:06;62,42 €;8;534,16;;-7%;
digitalocean;13.04.2026;17:27:08;66,36 €;13.04.2026;21:59:22;67,92 €;7;464,52;;2%;
fraport;14.04.2026;09:03:05;76,90 €;15.04.2026;14:24:01;75,10 €;6;461,4;;-2%;
at&t;14.04.2026;20:53:59;21,71 €;20.04.2026;14:24:08;22,50 €;24;521,04;;4%;
k+s;14.04.2026;22:09:10;15,28 €;17.04.2026;14:52:07;14,78 €;34;519,52;;-3%;
nextera;14.04.2026;08:36:14;77,66 €;23.04.2026;22:57:15;82,09 €;7;543,62;;6%;
akamai;15.04.2026;15:33:36;77,88 €;16.04.2026;22:00:51;81,79 €;10;778,8;;5%;
fastly;15.04.2026;15:41:14;19,29 €;15.04.2026;22:25:41;19,75 €;28;540,12;;2%;
mosaic;15.04.2026;22:31:32;20,33 €;20.04.2026;17:42:59;20,31 €;25;508,25;;0%;
deere;16.04.2026;22:13:33;496,40 €;24.04.2026;13:08:54;504,20 €;1;496,4;;2%;
tonies;17.04.2026;21:54:50;9,82 €;22.04.2026;16:44:10;9,58 €;52;510,64;;-2%;
rwe;20.04.2026;09:00:47;56,68 €;21.04.2026;10:06:03;58,06 €;9;510,12;;2%;
rwe;20.04.2026;09:00:47;56,68 €;20.04.2026;14:28:12;56,92 €;8;453,44;;0%;
netflix;20.04.2026;14:28:32;82,67 €;20.04.2026;17:09:19;80,18 €;12;992,04;;-3%;
netflix;20.04.2026;17:39:50;79,82 €;24.04.2026;21:44:55;78,88 €;6;478,92;;-1%;
netflix;20.04.2026;17:39:50;79,82 €;05.05.2026;16:21:31;76,28 €;7;558,74;;-4%;
northrop;20.04.2026;21:59:21;557,30 €;21.04.2026;15:34:48;538,30 €;1;557,3;;-3%;
k+s;21.04.2026;08:47:51;14,69 €;22.04.2026;14:38:54;15,95 €;34;499,46;;9%;
newmont;22.04.2026;09:21:05;95,56 €;23.04.2026;19:42:14;92,86 €;5;477,8;;-3%;
tonies;22.04.2026;17:36:36;9,79 €;28.04.2026;19:41:11;10,34 €;52;509,08;;6%;
northrop;23.04.2026;07:38:13;505,60 €;06.05.2026;12:54:18;471,80 €;1;505,6;;-7%;
st gobain;23.04.2026;09:44:56;76,76 €;23.04.2026;22:57:31;81,00 €;7;537,32;;6%;
commerzbank;24.04.2026;08:36:38;34,37 €;24.04.2026;10:28:28;33,83 €;15;515,55;;-2%;
fraport;24.04.2026;08:39:48;71,70 €;05.05.2026;08:11:07;67,50 €;7;501,9;;-6%;
sap;24.04.2026;09:07:28;147,90 €;24.04.2026;21:44:33;148,94 €;4;591,6;;1%;
commerzbank;24.04.2026;11:07:02;33,82 €;28.04.2026;11:49:52;35,28 €;15;507,3;;4%;
robinhood;24.04.2026;13:10:09;72,78 €;28.04.2026;13:31:33;69,84 €;7;509,46;;-4%;
koninklijke philips;24.04.2026;21:52:42;23,45 €;29.04.2026;12:20:17;22,29 €;22;515,9;;-5%;
netflix;27.04.2026;16:09:18;78,43 €;28.04.2026;21:57:08;78,79 €;6;470,58;;0%;
mosaic;28.04.2026;21:43:52;19,77 €;08.05.2026;21:41:02;19,19 €;26;513,968;;-3%;
aixtron;28.04.2026;21:44:48;43,11 €;30.04.2026;10:32:49;46,45 €;12;517,32;;8%;
iren;28.04.2026;21:48:50;37,82 €;04.05.2026;18:07:24;42,80 €;14;529,41;;13%;
newmont;28.04.2026;21:58:48;93,69 €;06.05.2026;21:57:43;97,68 €;5;468,45;;4%;
koninklijke philips;29.04.2026;20:10:28;22,10 €;05.05.2026;22:37:42;22,58 €;24;530,4;;2%;
teradyne;30.04.2026;11:36:15;268,15 €;30.04.2026;15:53:40;297,40 €;2;536,3;;11%;
mckesson;30.04.2026;22:14:32;696,00 €;06.05.2026;15:29:47;661,60 €;1;696;;-5%;
fraport;05.05.2026;09:04:14;68,00 €;05.05.2026;14:34:00;68,15 €;4;272;;0%;
fraport;05.05.2026;09:04:14;68,00 €;15.05.2026;10:17:35;66,80 €;7;476;;-2%;
rivian;05.05.2026;14:34:21;12,64 €;18.05.2026;15:37:34;11,44 €;42;530,796;;-9%;
lemonade;05.05.2026;21:22:42;48,80 €;06.05.2026;21:19:37;45,44 €;11;536,8;;-7%;
fraport;06.05.2026;12:34:34;71,85 €;08.05.2026;10:06:20;69,75 €;7;502,95;;-3%;
northrop;06.05.2026;21:08:24;475,65 €;21.05.2026;20:25:25;475,15 €;1;475,65;;0%;
netflix;06.05.2026;21:58:20;75,06 €;11.05.2026;18:47:30;72,99 €;7;525,42;;-3%;
paypal;06.05.2026;22:22:26;39,47 €;20.05.2026;15:32:19;37,32 €;13;513,045;;-5%;
occidental;07.05.2026;21:40:22;45,88 €;12.05.2026;16:49:50;47,61 €;11;504,625;;4%;
k+s;08.05.2026;10:52:01;15,45 €;13.05.2026;13:32:08;15,57 €;33;509,85;;1%;
mosaic;11.05.2026;15:20:22;17,98 €;13.05.2026;15:54:58;19,74 €;28;503,496;;10%;
tapestry;11.05.2026;22:51:59;113,40 €;29.05.2026;20:50:25;123,82 €;5;567;;9%;
netflix;12.05.2026;16:50:01;75,61 €;20.05.2026;15:42:31;75,76 €;7;529,27;;0%;
salesforce;14.05.2026;12:41:53;143,28 €;15.05.2026;17:56:42;149,26 €;4;573,12;;4%;
st gobain;18.05.2026;09:23:56;72,56 €;19.05.2026;15:10:35;74,70 €;7;507,92;;3%;
albemarle;18.05.2026;15:23:31;157,58 €;19.05.2026;15:32:13;146,68 €;3;472,74;;-7%;
rivian;18.05.2026;15:52:17;11,49 €;19.05.2026;15:30:39;11,17 €;44;505,56;;-3%;
rivian;18.05.2026;16:41:54;11,10 €;29.05.2026;15:59:49;12,98 €;46;510,6;;17%;
albemarle;19.05.2026;15:37:37;147,92 €;02.06.2026;16:10:46;142,32 €;6;887,52;;-4%;
teradyne;20.05.2026;15:40:09;283,50 €;22.05.2026;22:27:24;307,90 €;2;567;;9%;
entegris;20.05.2026;15:48:42;110,60 €;27.05.2026;10:12:49;121,24 €;5;553;;10%;
Iren;20.05.2026;16:20:20;43,49 €;21.05.2026;22:43:12;49,52 €;12;521,82;;14%;
hecla;21.05.2026;20:25:48;15,06 €;05.06.2026;15:31:34;13,90 €;32;481,984;;-8%;
hochtief;25.05.2026;09:47:09;480,20 €;08.06.2026;22:44:07;491,80 €;1;480,2;;2%;
hochtief;25.05.2026;09:47:09;480,20 €;09.06.2026;18:44:06;450,40 €;1;480,2;;-6%;
nordex;27.05.2026;10:57:12;40,56 €;09.06.2026;18:49:29;38,20 €;13;527,28;;-6%;
hecla;28.05.2026;17:05:57;14,75 €;01.06.2026;15:49:06;14,66 €;22;324,412;;-1%;
sempra;29.05.2026;20:54:53;76,21 €;11.06.2026;16:05:05;79,71 €;1;76,21;;5%;
sempra;29.05.2026;20:54:53;76,21 €;17.06.2026;18:27:02;78,21 €;7;533,47;;3%;
williams;01.06.2026;15:58:37;61,39 €;08.06.2026;09:34:08;61,68 €;8;491,12;;0%;
intel;01.06.2026;16:19:50;93,52 €;03.06.2026;15:26:35;100,18 €;5;467,6;;7%;
albemarle;02.06.2026;17:05:12;146,80 €;04.06.2026;17:34:06;141,28 €;6;880,8;;-4%;
welltower;03.06.2026;15:35:57;170,42 €;17.06.2026;15:49:35;182,06 €;3;511,26;;7%;
palo alto;04.06.2026;22:16:59;239,85 €;09.06.2026;17:23:21;223,90 €;2;479,7;;-7%;
hca;05.06.2026;17:25:26;320,50 €;30.06.2026;16:36:58;337,30 €;2;641;;5%;
siemens energy;08.06.2026;09:34:16;157,48 €;09.06.2026;17:30:00;149,02 €;4;629,92;;-5%;
iren;08.06.2026;22:44:28;51,19 €;09.06.2026;17:22:12;47,98 €;10;511,9;;-6%;
siemens energy;09.06.2026;17:57:45;148,46 €;10.06.2026;10:42:39;145,62 €;4;593,84;;-2%;
starbucks;09.06.2026;20:39:05;84,54 €;16.06.2026;11:06:12;86,76 €;6;507,24;;3%;
novo nordisk;10.06.2026;16:12:17;37,53 €;16.06.2026;17:15:25;37,49 €;14;525,35;;0%;
mitek;10.06.2026;16:13:09;14,11 €;15.06.2026;10:42:25;14,31 €;36;507,96;;1%;
mitek;10.06.2026;16:29:46;13,99 €;11.06.2026;15:34:45;13,69 €;66;923,34;;-2%;
albemarle;11.06.2026;15:53:25;134,28 €;18.06.2026;20:01:17;136,70 €;4;537,12;;2%;
constellation energy;11.06.2026;16:05:42;214,20 €;23.06.2026;10:24:57;233,10 €;2;428,4;;9%;
siemens energy;11.06.2026;16:00:00;145,02 €;23.06.2026;09:28:00;162,20 €;4;580,08;;12%;
Himax;15.06.2026;10:47:51;16,60 €;15.06.2026;16:26:15;15,30 €;31;514,6;;-8%;
Verbio;16.06.2026;16:51:35;31,54 €;18.06.2026;15:54:22;29,36 €;16;504,64;;-7%;
NortonLifeLock;16.06.2026;17:22:32;21,35 €;22.06.2026;18:22:12;19,96 €;24;512,4;;-7%;
figma;17.06.2026;16:24:29;16,34 €;25.06.2026;16:51:05;15,26 €;31;506,54;;-7%;
Himax;17.06.2026;16:33:50;15,30 €;24.06.2026;15:31:01;14,40 €;33;504,9;;-6%;
super micro computer;18.06.2026;16:40:46;26,37 €;22.06.2026;15:13:23;29,00 €;19;501,03;;10%;
albemarle;18.06.2026;21:24:39;139,68 €;23.06.2026;10:17:16;132,42 €;4;558,72;;-5%;
Verbio;19.06.2026;13:35:03;31,14 €;24.06.2026;09:55:17;29,30 €;15;467,1;;-6%;
hp;22.06.2026;15:39:38;20,96 €;24.06.2026;21:05:46;20,20 €;27;565,785;;-4%;
cboe;22.06.2026;21:07:11;224,80 €;25.06.2026;15:33:31;216,20 €;2;449,6;;-4%;
SAP;23.06.2026;12:05:09;134,80 €;08.07.2026;10:32:11;139,18 €;4;539,2;;3%;
Nemetschek;23.06.2026;15:55:23;54,70 €;26.06.2026;08:23:31;50,65 €;8;437,6;;-7%;
aixtron;25.06.2026;09:01:37;55,00 €;26.06.2026;07:57:16;50,64 €;10;550;;-8%;
hecla;25.06.2026;17:29:29;13,20 €;06.07.2026;15:55:49;14,24 €;39;514,644;;8%;
figma;26.06.2026;16:11:24;15,66 €;30.06.2026;16:36:45;16,30 €;32;501,12;;4%;
ast;26.06.2026;16:17:36;61,80 €;02.07.2026;09:21:03;73,30 €;5;309;;19%;
ast;26.06.2026;17:01:03;62,20 €;02.07.2026;09:21:03;73,30 €;3;186,6;;18%;
circle internet;26.06.2026;22:17:21;64,95 €;30.06.2026;15:49:20;61,35 €;5;324,75;;-6%;
marvell;29.06.2026;22:54:54;241,25 €;01.07.2026;16:57:52;244,85 €;2;482,5;;1%;
aixtron;30.06.2026;09:42:35;53,38 €;01.07.2026;15:35:13;51,66 €;9;480,42;;-3%;
northrop;30.06.2026;16:37:39;442,25 €;09.07.2026;15:39:24;469,45 €;1;442,25;;6%;
cboe;30.06.2026;17:07:55;210,40 €;22.07.2026;09:06:05;236,40 €;2;420,8;;12%;
albemarle;30.06.2026;21:19:39;118,58 €;07.07.2026;16:14:21;111,92 €;5;592,9;;-6%;
microchip;01.07.2026;15:47:53;79,42 €;02.07.2026;17:16:43;74,50 €;6;476,52;;-6%;
on semiconductor;02.07.2026;15:36:39;84,69 €;02.07.2026;18:21:49;79,50 €;6;508,14;;-6%;
occidental;03.07.2026;14:02:58;42,29 €;09.07.2026;09:17:35;46,63 €;12;507,42;;10%;
alibaba;06.07.2026;15:43:00;85,00 €;22.07.2026;17:31:47;101,60 €;6;510;;20%;
Walmart;07.07.2026;17:54:00;98,11 €;16.07.2026;09:40:44;98,18 €;6;588,66;;0%;
Pfizer;07.07.2026;18:13:42;21,09 €;30.07.2026;14:25:29;21,78 €;24;506,04;;3%;
Hewlett Packard Ent;07.07.2026;18:14:45;38,53 €;13.07.2026;07:30:09;41,80 €;13;500,825;;9%;
iren;09.07.2026;09:16:32;38,63 €;13.07.2026;19:51:00;33,48 €;7;270,41;;-13%;
ast;09.07.2026;09:18:18;67,30 €;09.07.2026;15:37:53;65,20 €;4;269,2;;-3%;
super micro computer;09.07.2026;15:38:24;25,30 €;13.07.2026;08:20:02;24,05 €;10;253;;-5%;
amkor;09.07.2026;16:49:30;63,08 €;13.07.2026;08:15:01;58,99 €;8;504,64;;-6%;
aixtron;09.07.2026;17:36:33;45,32 €;10.07.2026;11:21:06;43,59 €;12;543,84;;-4%;
sap;10.07.2026;11:21:24;139,00 €;20.07.2026;16:30:23;135,64 €;3;417;;-2%;
american water works;13.07.2026;16:45:02;115,68 €;15.07.2026;11:01:13;115,00 €;5;578,4;;-1%;
l3harris;13.07.2026;16:47:06;255,55 €;21.07.2026;15:31:40;237,80 €;2;511,1;;-7%;
nordex;14.07.2026;17:57:22;40,82 €;28.07.2026;07:35:21;37,70 €;12;489,84;;-8%;
oracle;15.07.2026;11:08:32;113,80 €;24.07.2026;15:46:07;103,56 €;5;569;;-9%;
GEA;16.07.2026;09:46:06;59,25 €;21.07.2026;16:59:43;59,10 €;9;533,25;;0%;
Applied Materials;21.07.2026;09:58:18;481,35 €;22.07.2026;14:51:24;473,70 €;1;481,35;;-2%;
Applovin;21.07.2026;17:00:10;381,25 €;31.07.2026;15:30:20;338,20 €;1;381,25;;-11%;
Ferrari;22.07.2026;15:25:44;327,75 €;31.07.2026;16:10:20;339,90 €;1;327,75;;4%;
MTU;22.07.2026;15:25:58;340,50 €;03.08.2026;13:03:42;370,90 €;1;340,5;;9%;
albemarle;22.07.2026;15:44:49;107,78 €;01.09.2026;11:29:36;113,14 €;3;323,34;;5%;
l3harris;22.07.2026;15:47:36;249,75 €;;;259,15 €;1;249,75;;4%;
first solar;22.07.2026;17:32:34;185,78 €;05.08.2026;21:18:52;199,82 €;3;557,34;;8%;
space x;22.07.2026;17:53:23;109,28 €;23.07.2026;15:52:59;99,95 €;3;327,84;;-9%;
Walmart;24.07.2026;16:46:08;95,99 €;31.07.2026;16:33:07;96,73 €;6;575,94;;1%;
oracle;24.07.2026;17:17:27;104,26 €;31.07.2026;16:01:25;112,34 €;2;208,52;;8%;
nordex;29.07.2026;09:00:55;41,02 €;26.08.2026;22:13:26;38,22 €;12;492,24;;-7%;
Applied Materials;30.07.2026;14:26:03;409,20 €;31.07.2026;15:44:17;450,80 €;1;409,2;;10%;
tesla;31.07.2026;21:33:52;269,60 €;01.09.2026;11:29:51;312,70 €;2;539,2;;16%;
occidental;31.07.2026;22:46:02;49,47 €;13.08.2026;22:25:34;49,99 €;11;544,115;;1%;
vertiv;03.08.2026;17:05:01;223,50 €;06.08.2026;15:33:47;234,30 €;2;447;;5%;
harley;03.08.2026;17:05:32;22,02 €;13.08.2026;22:32:42;24,11 €;23;506,345;;9%;
robinhood;03.08.2026;17:06:07;78,33 €;21.08.2026;15:31:04;87,04 €;7;548,31;;11%;
first solar;05.08.2026;21:59:46;205,85 €;06.08.2026;15:03:25;203,05 €;2;411,7;;-1%;
lantheus;06.08.2026;16:07:53;88,20 €;21.08.2026;09:03:16;85,40 €;6;529,2;;-3%;
novo nordisk;06.08.2026;22:28:55;39,97 €;12.08.2026;10:48:33;39,93 €;13;519,61;;0%;
abbvie;12.08.2026;17:26:11;216,55 €;21.08.2026;10:08:19;223,50 €;2;433,1;;3%;
hormel;13.08.2026;22:26:18;21,28 €;;;;24;510,72;;0%;
nrg energy;14.08.2026;15:51:25;106,98 €;25.08.2026;11:34:23;95,99 €;5;534,9;;-10%;
infineon;21.08.2026;09:33:45;56,85 €;;;;9;511,65;;0%;
arista;21.08.2026;19:08:11;162,18 €;;;;3;486,54;;0%;
zalando;21.08.2026;19:09:20;22,84 €;;;;22;502,48;;0%;
fanuc;21.08.2026;19:56:37;32,85 €;;;;10;328,5;;0%;
Lufthansa;25.08.2026;11:36:25;8,02 €;01.09.2026;17:00:12;7,90 €;60;480,96;;-1%;
UL Solutions;26.08.2026;22:13:49;64,65 €;;;;7;452,55;;0%;
l3harris;31.08.2026;17:00:24;229,15 €;;;;2;458,3;;0%;
